match, end
25, 0
23, 1
31, 2
29, 3
36, 4
33, 5
32, 6
27, 7
28, 8
41, 9
42, 10
29, 11
30, 12
48, 13
23, 14
39, 15
21, 16
23, 17
31, 18
30, 19
29, 20
25, 21
26, 22
28, 23
21, 24
25, 25
29, 26
37, 27
29, 28
26, 29
19, 30
26, 31
25, 32
22, 33
27, 34
29, 35
23, 36
27, 37
29, 38
29, 39
32, 40
42, 41
32, 42
31, 43
28, 44
24, 45
21, 46
28, 47
24, 48
25, 49
17, 50
32, 51
25, 52
24, 53
21, 54
36, 55
22, 56
32, 57
26, 58
26, 59
21, 60
15, 61
31, 62
16, 63
24, 64
33, 65
24, 66
26, 67
22, 68
35, 69
14, 70
26, 71
17, 72
24, 73
29, 74
28, 75
25, 76
22, 77
22, 78
25, 79
19, 80
18, 81
16, 82
46, 83
20, 84
21, 85
11, 86
32, 87
23, 88
24, 89
22, 90
23, 91
31, 92
20, 93
27, 94
22, 95
22, 96
37, 97
16, 98
